Train Images,Train Annotations
22141027_11.png,22141027_11.txt
21141009_27.jpg,21141009_27.txt
22101857_16.png,22101857_16.txt
2526.png,2526.txt
24141199_53.png,24141199_53.txt
20301343_17.jpg,20301343_17.txt
20101285_48.jpg,20101285_48.txt
22141027_17.png,22141027_17.txt
20121026_20.jpg,20121026_20.txt
2861.png,2861.txt
382.png,382.txt
1013.png,1013.txt
489.png,489.txt
20301414_32.png,20301414_32.txt
3065.png,3065.txt
968.png,968.txt
3044.png,3044.txt
1979.png,1979.txt
2223.png,2223.txt
21201175_23.png,21201175_23.txt
500.png,500.txt
19101192_20.jpg,19101192_20.txt
1918.png,1918.txt
3084.png,3084.txt
2360.png,2360.txt
20301228_08.JPG,20301228_08.txt
2664.png,2664.txt
20121051_25.png,20121051_25.txt
2147.png,2147.txt
2919.png,2919.txt
3116.png,3116.txt
2937.png,2937.txt
20121011_20.jpg,20121011_20.txt
20301414_13.png,20301414_13.txt
24141199_01.png,24141199_01.txt
989.png,989.txt
20201023_16.jpg,20201023_16.txt
2975.png,2975.txt
20201148_12.jpg,20201148_12.txt
1599.png,1599.txt
20201210_26.jpg,20201210_26.txt
2152.png,2152.txt
1486.png,1486.txt
2652.png,2652.txt
4440.png,4440.txt
2401.png,2401.txt
20301090_24.png,20301090_24.txt
2454.png,2454.txt
21101135_51.png,21101135_51.txt
2497.png,2497.txt
23241084_26.jpg,23241084_26.txt
20121051_17.png,20121051_17.txt
21301116_16.jpg,21301116_16.txt
2873.png,2873.txt
1998.png,1998.txt
780.png,780.txt
20301003_27.png,20301003_27.txt
472.png,472.txt
1472.png,1472.txt
396.png,396.txt
993.png,993.txt
20121051_13.png,20121051_13.txt
21201775_16.png,21201775_16.txt
970.png,970.txt
20121011_22.jpg,20121011_22.txt
23341101_06.jpg,23341101_06.txt
21301027_27.jpg,21301027_27.txt
1512.png,1512.txt
2377.png,2377.txt
2216.png,2216.txt
20201020_68.png,20201020_68.txt
20201020_53.jpg,20201020_53.txt
20301131_9.jpg,20301131_9.txt
1988.png,1988.txt
20301228_54.png,20301228_54.txt
1916.png,1916.txt
2862.png,2862.txt
23241108_05.jpg,23241108_05.txt
467.png,467.txt
21101135_11.JPG,21101135_11.txt
20301414_52.jpg,20301414_52.txt
20121066_25.jpg,20121066_25.txt
3074.png,3074.txt
22101861_03.jpg,22101861_03.txt
273.png,273.txt
21141009_32.jpg,21141009_32.txt
1836.png,1836.txt
572.png,572.txt
18101381_29.jpeg,18101381_29.txt
1812.png,1812.txt
21101243_15.jpg,21101243_15.txt
21101127_06.png,21101127_06.txt
20101285_42.jpg,20101285_42.txt
21101282_33.jpg,21101282_33.txt
ID_14.jpg,ID_14.txt
506.png,506.txt
24141199_15.png,24141199_15.txt
24141199_10.png,24141199_10.txt
21301116_21.jpg,21301116_21.txt
20301414_53.jpg,20301414_53.txt
20201148_04.png,20201148_04.txt
2035.png,2035.txt
1480.png,1480.txt
20301343_16.jpg,20301343_16.txt
1561.png,1561.txt
20101285_29.png,20101285_29.txt
2848.png,2848.txt
20301003_19.png,20301003_19.txt
24141199_33.png,24141199_33.txt
2468.png,2468.txt
20301403_21.jpg,20301403_21.txt
21101282_08.jpg,21101282_08.txt
21101282_23.jpg,21101282_23.txt
534.png,534.txt
2666.png,2666.txt
20301159_05.jpg,20301159_05.txt
2496.png,2496.txt
1909.png,1909.txt
21301116_08.jpg,21301116_08.txt
1973.png,1973.txt
2353.png,2353.txt
493.png,493.txt
2895.png,2895.txt
2542.png,2542.txt
1612.png,1612.txt
20301414_19.png,20301414_19.txt
20301294_01.jpg,20301294_01.txt
20101498_30.jpg,20101498_30.txt
1837.png,1837.txt
23241084_43.png,23241084_43.txt
2867.png,2867.txt
49.png,49.txt
2142.png,2142.txt
19121070_27.jpg,19121070_27.txt
20121044_15.jpg,20121044_15.txt
23341101_26.jpg,23341101_26.txt
23341101_07.jpg,23341101_07.txt
18101381_01.jpeg,18101381_01.txt
2181.png,2181.txt
1883.png,1883.txt
1604.png,1604.txt
20301266_13.jpg,20301266_13.txt
2364.png,2364.txt
19121070_10.jpg,19121070_10.txt
2911.png,2911.txt
20301159_28.jpg,20301159_28.txt
2607.png,2607.txt
1964.png,1964.txt
20301003_03.png,20301003_03.txt
4404.png,4404.txt
517.png,517.txt
1021.png,1021.txt
20121051_24.png,20121051_24.txt
2166.png,2166.txt
20301403_30.jpg,20301403_30.txt
21301138_30.jpeg,21301138_30.txt
21301589_28.png,21301589_28.txt
22101857_20.png,22101857_20.txt
21101312_65.jpg,21101312_65.txt
20201210_16.jpg,20201210_16.txt
739.png,739.txt
2505.png,2505.txt
21101312_47.jpg,21101312_47.txt
998.png,998.txt
1639.png,1639.txt
21101312_30.png,21101312_30.txt
20301228_69.png,20301228_69.txt
2020.png,2020.txt
20301228_36.png,20301228_36.txt
563.png,563.txt
20301343_11.jpg,20301343_11.txt
20301114_13.jpg,20301114_13.txt
ID_29.jpg,ID_29.txt
565.png,565.txt
20301159_12.jpg,20301159_12.txt
ID_01.jpg,ID_01.txt
19101192_5.jpg,19101192_5.txt
245.png,245.txt
3080.png,3080.txt
20121066_29.jpg,20121066_29.txt
20121066_27.jpg,20121066_27.txt
20301114_26.jpg,20301114_26.txt
3.png,3.txt
2678.png,2678.txt
21201775_15.png,21201775_15.txt
2331.png,2331.txt
23241084_9.jpg,23241084_9.txt
2886.png,2886.txt
21101135_44.png,21101135_44.txt
18101381_26.jpeg,18101381_26.txt
22141027_05.png,22141027_05.txt
2720.png,2720.txt
21141009_30.jpg,21141009_30.txt
2393.png,2393.txt
2679.png,2679.txt
20321023_04.jpg,20321023_04.txt
3105.png,3105.txt
23241113_20.jpg,23241113_20.txt
2050.png,2050.txt
1991.png,1991.txt
ID_09.jpg,ID_09.txt
20201020_65.jpg,20201020_65.txt
1628.png,1628.txt
22101857_22.png,22101857_22.txt
2030.png,2030.txt
2122.png,2122.txt
42.png,42.txt
19101192_23.jpg,19101192_23.txt
2669.png,2669.txt
21101135_48.png,21101135_48.txt
3072.png,3072.txt
1493.png,1493.txt
20201210_22.jpg,20201210_22.txt
2702.png,2702.txt
20101285_15.png,20101285_15.txt
2499.png,2499.txt
22101857_10.png,22101857_10.txt
ID_13.jpg,ID_13.txt
670.png,670.txt
4417.png,4417.txt
2463.png,2463.txt
21101127_30.png,21101127_30.txt
23241084_65.png,23241084_65.txt
4423.png,4423.txt
20121051_19.png,20121051_19.txt
20101285_10.png,20101285_10.txt
2611.png,2611.txt
2477.png,2477.txt
2979.png,2979.txt
20121026_24.jpg,20121026_24.txt
767.png,767.txt
2208.png,2208.txt
543.png,543.txt
2117.png,2117.txt
20301003_09.png,20301003_09.txt
20201020_51.jpg,20201020_51.txt
21301589_23.png,21301589_23.txt
20301090_25.png,20301090_25.txt
21201775_28.png,21201775_28.txt
20201115_22.png,20201115_22.txt
20121044_01.jpg,20121044_01.txt
60.png,60.txt
657.png,657.txt
24141199_70.png,24141199_70.txt
21201175_22.png,21201175_22.txt
20301159_08.jpg,20301159_08.txt
20301414_17.png,20301414_17.txt
22101857_17.png,22101857_17.txt
21101312_3.png,21101312_3.txt
21301116_18.jpg,21301116_18.txt
23241084_16.png,23241084_16.txt
20201020_46.jpg,20201020_46.txt
2872.png,2872.txt
19121070_02.jpg,19121070_02.txt
2704.png,2704.txt
21101135_06.JPG,21101135_06.txt
21141009_07.jpg,21141009_07.txt
247.png,247.txt
592.png,592.txt
23241108_26.jpg,23241108_26.txt
23341101_25.jpg,23341101_25.txt
2559.png,2559.txt
23241108_31.jpg,23241108_31.txt
2688.png,2688.txt
679.png,679.txt
20121011_28.jpg,20121011_28.txt
21101135_39.png,21101135_39.txt
20301368_02.jpeg,20301368_02.txt
250.png,250.txt
786.png,786.txt
20201210_32.jpg,20201210_32.txt
62.png,62.txt
23241108_02.jpg,23241108_02.txt
20121011_26.jpg,20121011_26.txt
967.png,967.txt
20201020_49.jpg,20201020_49.txt
20201086_08.png,20201086_08.txt
748.png,748.txt
769.png,769.txt
20201020_42.jpg,20201020_42.txt
28.png,28.txt
256.png,256.txt
2162.png,2162.txt
2660.png,2660.txt
2012.png,2012.txt
342.png,342.txt
21301027_20.jpg,21301027_20.txt
23241084_32.jpg,23241084_32.txt
2072.png,2072.txt
23241108_08.jpg,23241108_08.txt
21301116_07.jpg,21301116_07.txt
2523.png,2523.txt
20301228_57.png,20301228_57.txt
1508.png,1508.txt
3109.png,3109.txt
20101285_53.jpg,20101285_53.txt
20121026_15.jpg,20121026_15.txt
20201086_12.png,20201086_12.txt
2504.png,2504.txt
966.png,966.txt
22141027_09.png,22141027_09.txt
20301414_14.png,20301414_14.txt
787.png,787.txt
3053.png,3053.txt
ID_37.jpg,ID_37.txt
773.png,773.txt
784.png,784.txt
1473.png,1473.txt
3073.png,3073.txt
1914.png,1914.txt
20201148_25.png,20201148_25.txt
21101135_25.jpg,21101135_25.txt
10.png,10.txt
24141199_19.png,24141199_19.txt
21301019_23.jpg,21301019_23.txt
21101243_07.jpg,21101243_07.txt
20101285_01.png,20101285_01.txt
20121051_30.png,20121051_30.txt
20201210_19.jpg,20201210_19.txt
2178.png,2178.txt
20321023_03.jpg,20321023_03.txt
22101857_13.png,22101857_13.txt
21301027_04.jpg,21301027_04.txt
22101857_25.png,22101857_25.txt
21141009_25.jpg,21141009_25.txt
2076.png,2076.txt
21101312_58.jpg,21101312_58.txt
1477.png,1477.txt
1463.png,1463.txt
23241084_12.png,23241084_12.txt
20101285_64.jpg,20101285_64.txt
19121070_29.jpg,19121070_29.txt
21201775_02.png,21201775_02.txt
1989.png,1989.txt
647.png,647.txt
20121051_08.png,20121051_08.txt
20121051_26.png,20121051_26.txt
2965.png,2965.txt
1624.png,1624.txt
20301294_26.jpg,20301294_26.txt
1455.png,1455.txt
21101127_05.png,21101127_05.txt
20101285_49.jpg,20101285_49.txt
20101285_67.jpg,20101285_67.txt
18101381_11.jpeg,18101381_11.txt
20201115_13.png,20201115_13.txt
551.png,551.txt
24141199_12.png,24141199_12.txt
2059.png,2059.txt
20301368_30.jpeg,20301368_30.txt
2108.png,2108.txt
756.png,756.txt
20301090_22.png,20301090_22.txt
20121051_06.png,20121051_06.txt
2150.png,2150.txt
2080.png,2080.txt
1614.png,1614.txt
20301228_39.png,20301228_39.txt
1818.png,1818.txt
3100.png,3100.txt
2010.png,2010.txt
20301403_04.jpg,20301403_04.txt
2486.png,2486.txt
2918.png,2918.txt
2992.png,2992.txt
23241113_08.jpg,23241113_08.txt
20321023_07.jpg,20321023_07.txt
593.png,593.txt
20301159_26.jpg,20301159_26.txt
3002.png,3002.txt
24141199_06.png,24141199_06.txt
21101135_17.JPG,21101135_17.txt
21301019_17.jpg,21301019_17.txt
23241084_10.png,23241084_10.txt
20201115_10.png,20201115_10.txt
21301589_12.png,21301589_12.txt
3108.png,3108.txt
20121026_10.jpg,20121026_10.txt
57.png,57.txt
22141027_04.png,22141027_04.txt
2176.png,2176.txt
596.png,596.txt
20101498_17.png,20101498_17.txt
2325.png,2325.txt
22101861_25.jpg,22101861_25.txt
20101498_14.png,20101498_14.txt
22101861_19.jpg,22101861_19.txt
24141199_44.png,24141199_44.txt
21201775_12.png,21201775_12.txt
643.png,643.txt
1595.png,1595.txt
21141009_19.jpg,21141009_19.txt
1619.png,1619.txt
337.png,337.txt
23241084_4.png,23241084_4.txt
21301019_15.jpg,21301019_15.txt
2370.png,2370.txt
1031.png,1031.txt
2920.png,2920.txt
20321023_06.jpg,20321023_06.txt
20101498_11.png,20101498_11.txt
21141009_02.jpg,21141009_02.txt
1915.png,1915.txt
2988.png,2988.txt
20301414_49.jpg,20301414_49.txt
24141199_36.png,24141199_36.txt
473.png,473.txt
526.png,526.txt
19121070_15.jpg,19121070_15.txt
22141027_20.png,22141027_20.txt
1882.png,1882.txt
2221.png,2221.txt
2027.png,2027.txt
20121044_21.jpg,20121044_21.txt
663.png,663.txt
23341101_22.jpg,23341101_22.txt
20301228_66.png,20301228_66.txt
1462.png,1462.txt
20121026_06.jpg,20121026_06.txt
20301090_09.png,20301090_09.txt
20301414_26.png,20301414_26.txt
323.png,323.txt
2500.png,2500.txt
1881.png,1881.txt
21101312_27.png,21101312_27.txt
2110.png,2110.txt
21101312_66.jpg,21101312_66.txt
20321023_30.jpg,20321023_30.txt
ID_06.jpg,ID_06.txt
20301414_35.png,20301414_35.txt
20301414_11.png,20301414_11.txt
2551.png,2551.txt
2033.png,2033.txt
21101135_34.png,21101135_34.txt
460.png,460.txt
20201023_15.jpg,20201023_15.txt
1038.png,1038.txt
3067.png,3067.txt
20201210_21.jpg,20201210_21.txt
2687.png,2687.txt
20201086_16.png,20201086_16.txt
20301003_28.png,20301003_28.txt
20301403_08.jpg,20301403_08.txt
21101135_50.png,21101135_50.txt
346.png,346.txt
21101135_27.JPG,21101135_27.txt
23241084_3.jpg,23241084_3.txt
20301266_30.jpeg,20301266_30.txt
2680.png,2680.txt
21101127_27.png,21101127_27.txt
19121070_18.jpg,19121070_18.txt
2043.png,2043.txt
2462.png,2462.txt
1450.png,1450.txt
20301414_58.jpg,20301414_58.txt
2921.png,2921.txt
20121044_05.jpg,20121044_05.txt
1593.png,1593.txt
20201086_24.png,20201086_24.txt
3000.png,3000.txt
2653.png,2653.txt
20121011_08.jpg,20121011_08.txt
2892.png,2892.txt
2668.png,2668.txt
2441.png,2441.txt
1016.png,1016.txt
22101861_14.jpg,22101861_14.txt
811.png,811.txt
1902.png,1902.txt
20301294_07.jpg,20301294_07.txt
21101312_68.jpg,21101312_68.txt
1022.png,1022.txt
487.png,487.txt
20201210_25.jpg,20201210_25.txt
244.png,244.txt
2710.png,2710.txt
20201023_19.jpg,20201023_19.txt
20201115_01.png,20201115_01.txt
23241084_44.jpg,23241084_44.txt
21101243_18.jpg,21101243_18.txt
21201775_26.png,21201775_26.txt
783.png,783.txt
241.png,241.txt
20121044_14.jpg,20121044_14.txt
1035.png,1035.txt
20301131_10.jpg,20301131_10.txt
20121026_03.jpg,20121026_03.txt
1.png,1.txt
738.png,738.txt
20301228_04.JPG,20301228_04.txt
11.png,11.txt
20301131_16.jpg,20301131_16.txt
21101312_39.png,21101312_39.txt
20301414_44.jpg,20301414_44.txt
21101312_50.jpg,21101312_50.txt
20301131_29.jpg,20301131_29.txt
20101285_23.png,20101285_23.txt
2354.png,2354.txt
24141199_22.png,24141199_22.txt
1997.png,1997.txt
2155.png,2155.txt
672.png,672.txt
3051.png,3051.txt
20121026_02.jpg,20121026_02.txt
20121051_12.png,20121051_12.txt
384.png,384.txt
363.png,363.txt
2863.png,2863.txt
2174.png,2174.txt
1489.png,1489.txt
272.png,272.txt
20101285_07.png,20101285_07.txt
21101135_56.png,21101135_56.txt
21101312_44.jpg,21101312_44.txt
21101127_25.jpeg,21101127_25.txt
18101381_04.jpeg,18101381_04.txt
569.png,569.txt
2041.png,2041.txt
2459.png,2459.txt
336.png,336.txt
21101127_09.png,21101127_09.txt
253.png,253.txt
21301027_25.jpg,21301027_25.txt
21101282_28.jpg,21101282_28.txt
21301589_26.png,21301589_26.txt
1629.png,1629.txt
21101135_46.png,21101135_46.txt
1899.png,1899.txt
1446.png,1446.txt
23241108_18.jpg,23241108_18.txt
20301414_01.png,20301414_01.txt
2349.png,2349.txt
19121070_12.jpg,19121070_12.txt
2494.png,2494.txt
470.png,470.txt
21101127_10.png,21101127_10.txt
20301403_20.jpg,20301403_20.txt
21101135_36.png,21101135_36.txt
ID_26.jpg,ID_26.txt
20301414_47.jpg,20301414_47.txt
2518.png,2518.txt
21101243_28.jpg,21101243_28.txt
24141199_43.png,24141199_43.txt
21101312_70.jpg,21101312_70.txt
2028.png,2028.txt
3086.png,3086.txt
24141199_61.png,24141199_61.txt
20301414_21.png,20301414_21.txt
20301003_05.png,20301003_05.txt
20301343_15.jpg,20301343_15.txt
21301027_29.jpg,21301027_29.txt
2847.png,2847.txt
556.png,556.txt
2662.png,2662.txt
23241084_51.png,23241084_51.txt
20201020_56.jpg,20201020_56.txt
3015.png,3015.txt
548.png,548.txt
3010.png,3010.txt
20301414_37.png,20301414_37.txt
269.png,269.txt
23241084_46.jpg,23241084_46.txt
18101381_17.jpeg,18101381_17.txt
4426.png,4426.txt
24141199_65.png,24141199_65.txt
20101285_35.png,20101285_35.txt
21101135_16.JPG,21101135_16.txt
20301294_16.jpg,20301294_16.txt
20101285_25.png,20101285_25.txt
21101135_14.JPG,21101135_14.txt
827.png,827.txt
2935.png,2935.txt
21201775_23.png,21201775_23.txt
2721.png,2721.txt
19101192_13.jpg,19101192_13.txt
2948.png,2948.txt
525.png,525.txt
2552.png,2552.txt
20301414_43.jpg,20301414_43.txt
21101312_64.jpg,21101312_64.txt
20121026_19.jpg,20121026_19.txt
510.png,510.txt
1017.png,1017.txt
3035.png,3035.txt
2969.png,2969.txt
24141199_24.png,24141199_24.txt
2183.png,2183.txt
20101285_31.png,20101285_31.txt
20121026_18.jpg,20121026_18.txt
23241084_70.png,23241084_70.txt
372.png,372.txt
1001.png,1001.txt
23241113_30.jpg,23241113_30.txt
20301403_16.jpg,20301403_16.txt
3118.png,3118.txt
3014.png,3014.txt
21201775_30.png,21201775_30.txt
21101135_43.png,21101135_43.txt
20321023_18.jpg,20321023_18.txt
3077.png,3077.txt
20201210_10.jpg,20201210_10.txt
2533.png,2533.txt
2893.png,2893.txt
2522.png,2522.txt
21301589_14.png,21301589_14.txt
2036.png,2036.txt
18101381_03.jpeg,18101381_03.txt
21101282_09.jpg,21101282_09.txt
2069.png,2069.txt
646.png,646.txt
21201175_19.png,21201175_19.txt
2534.png,2534.txt
19101192_3.jpg,19101192_3.txt
20301228_46.png,20301228_46.txt
1005.png,1005.txt
21101312_13.png,21101312_13.txt
ID_03.jpg,ID_03.txt
20201115_24.png,20201115_24.txt
2982.png,2982.txt
21301138_31.jpeg,21301138_31.txt
20301343_02.jpg,20301343_02.txt
3081.png,3081.txt
20301159_19.jpg,20301159_19.txt
1898.png,1898.txt
20201115_03.png,20201115_03.txt
1611.png,1611.txt
20201148_20.png,20201148_20.txt
2507.png,2507.txt
19101192_9.jpg,19101192_9.txt
16.png,16.txt
2884.png,2884.txt
59.png,59.txt
1806.png,1806.txt
2673.png,2673.txt
20301414_55.jpg,20301414_55.txt
21301589_15.png,21301589_15.txt
1597.png,1597.txt
20201148_30.png,20201148_30.txt
600.png,600.txt
508.png,508.txt
2945.png,2945.txt
723.png,723.txt
21201175_07.png,21201175_07.txt
21101135_31.png,21101135_31.txt
2093.png,2093.txt
3009.png,3009.txt
21301138_26.jpeg,21301138_26.txt
2449.png,2449.txt
20301228_01.JPG,20301228_01.txt
20301159_21.jpg,20301159_21.txt
20301414_28.png,20301414_28.txt
24141199_16.png,24141199_16.txt
19101192_4.jpg,19101192_4.txt
2510.png,2510.txt
727.png,727.txt
2512.png,2512.txt
4420.png,4420.txt
20301266_17.jpg,20301266_17.txt
1621.png,1621.txt
22141027_02.png,22141027_02.txt
539.png,539.txt
1008.png,1008.txt
21101135_55.png,21101135_55.txt
21101243_03.jpg,21101243_03.txt
741.png,741.txt
21201775_07.png,21201775_07.txt
2373.png,2373.txt
20101285_05.png,20101285_05.txt
23241084_8.png,23241084_8.txt
23241084_45.png,23241084_45.txt
20201148_16.png,20201148_16.txt
1570.png,1570.txt
2388.png,2388.txt
1020.png,1020.txt
503.png,503.txt
761.png,761.txt
20201115_15.png,20201115_15.txt
2232.png,2232.txt
20201023_12.jpg,20201023_12.txt
2190.png,2190.txt
24141199_03.png,24141199_03.txt
20301131_1.jpg,20301131_1.txt
20121051_27.png,20121051_27.txt
2970.png,2970.txt
530.png,530.txt
504.png,504.txt
22101857_27.png,22101857_27.txt
21301027_23.jpg,21301027_23.txt
515.png,515.txt
2661.png,2661.txt
2616.png,2616.txt
595.png,595.txt
527.png,527.txt
20121026_08.jpg,20121026_08.txt
2445.png,2445.txt
2962.png,2962.txt
20321023_24.jpg,20321023_24.txt
23241084_41.png,23241084_41.txt
821.png,821.txt
2915.png,2915.txt
2487.png,2487.txt
2715.png,2715.txt
1987.png,1987.txt
2902.png,2902.txt
513.png,513.txt
2659.png,2659.txt
2491.png,2491.txt
20121011_21.jpg,20121011_21.txt
24141199_41.png,24141199_41.txt
21101135_62.png,21101135_62.txt
20201148_31.png,20201148_31.txt
21201775_05.png,21201775_05.txt
1510.png,1510.txt
20301131_11.jpg,20301131_11.txt
3034.png,3034.txt
ID_18.jpg,ID_18.txt
18101381_05.jpeg,18101381_05.txt
1978.png,1978.txt
20121051_07.png,20121051_07.txt
3098.png,3098.txt
23241108_27.jpg,23241108_27.txt
20301114_27.jpg,20301114_27.txt
20301114_30.jpg,20301114_30.txt
1904.png,1904.txt
2018.png,2018.txt
22101857_29.png,22101857_29.txt
2369.png,2369.txt
650.png,650.txt
2031.png,2031.txt
2384.png,2384.txt
33.png,33.txt
20301414_50.jpg,20301414_50.txt
21101243_11.jpg,21101243_11.txt
2148.png,2148.txt
578.png,578.txt
445.png,445.txt
381.png,381.txt
1461.png,1461.txt
1457.png,1457.txt
20321023_02.jpg,20321023_02.txt
3096.png,3096.txt
20301266_22.jpeg,20301266_22.txt
2478.png,2478.txt
20101285_44.jpg,20101285_44.txt
20301343_07.jpg,20301343_07.txt
20101498_03.png,20101498_03.txt
21301116_01.jpg,21301116_01.txt
2066.png,2066.txt
21101312_7.png,21101312_7.txt
2058.png,2058.txt
21201175_18.png,21201175_18.txt
20301114_1.jpg,20301114_1.txt
585.png,585.txt
2235.png,2235.txt
2104.png,2104.txt
2074.png,2074.txt
21301027_19.jpg,21301027_19.txt
20101498_18.png,20101498_18.txt
20301228_67.png,20301228_67.txt
21141009_24.jpg,21141009_24.txt
20121011_07.jpg,20121011_07.txt
3031.png,3031.txt
20121011_06.jpg,20121011_06.txt
21201775_20.png,21201775_20.txt
4422.png,4422.txt
21201175_08.png,21201175_08.txt
19101192_25.jpg,19101192_25.txt
20301403_22.jpg,20301403_22.txt
2959.png,2959.txt
21301138_29.jpeg,21301138_29.txt
2520.png,2520.txt
22101857_21.png,22101857_21.txt
829.png,829.txt
2386.png,2386.txt
2966.png,2966.txt
573.png,573.txt
21101135_12.JPG,21101135_12.txt
3048.png,3048.txt
329.png,329.txt
2472.png,2472.txt
1913.png,1913.txt
21101282_03.jpg,21101282_03.txt
20121011_05.jpg,20121011_05.txt
392.png,392.txt
20301414_16.png,20301414_16.txt
3106.png,3106.txt
2643.png,2643.txt
ID_12.jpg,ID_12.txt
2442.png,2442.txt
2519.png,2519.txt
3099.png,3099.txt
20301403_27.jpg,20301403_27.txt
20301228_15.JPG,20301228_15.txt
20201115_21.png,20201115_21.txt
2332.png,2332.txt
20101498_29.jpg,20101498_29.txt
2885.png,2885.txt
18101381_21.jpeg,18101381_21.txt
20301414_48.jpg,20301414_48.txt
20301343_28.jpg,20301343_28.txt
21301019_20.jpg,21301019_20.txt
23241084_38.jpg,23241084_38.txt
ID_31.jpg,ID_31.txt
21301116_25.jpg,21301116_25.txt
3050.png,3050.txt
564.png,564.txt
676.png,676.txt
2086.png,2086.txt
598.png,598.txt
21101282_04.jpg,21101282_04.txt
22101861_29.jpg,22101861_29.txt
21101312_48.jpg,21101312_48.txt
1910.png,1910.txt
20301228_41.png,20301228_41.txt
23241108_13.jpg,23241108_13.txt
809.png,809.txt
2955.png,2955.txt
20301090_18.png,20301090_18.txt
21101135_60.png,21101135_60.txt
20301368_22.jpg,20301368_22.txt
20301114_11.jpg,20301114_11.txt
1640.png,1640.txt
983.png,983.txt
766.png,766.txt
20121044_17.jpg,20121044_17.txt
23241084_66.png,23241084_66.txt
23241084_57.png,23241084_57.txt
20121044_29.jpg,20121044_29.txt
20301228_20.JPG,20301228_20.txt
2068.png,2068.txt
651.png,651.txt
20301266_15.jpg,20301266_15.txt
2203.png,2203.txt
21201175_30.png,21201175_30.txt
21301138_21.jpeg,21301138_21.txt
2141.png,2141.txt
4401.png,4401.txt
2517.png,2517.txt
20301266_06.jpg,20301266_06.txt
20301368_09.jpeg,20301368_09.txt
23341101_14.jpg,23341101_14.txt
74.png,74.txt
20101285_47.jpg,20101285_47.txt
4407.png,4407.txt
44.png,44.txt
21301027_11.jpg,21301027_11.txt
21301589_05.png,21301589_05.txt
3018.png,3018.txt
1583.png,1583.txt
2228.png,2228.txt
2044.png,2044.txt
20321023_08.jpg,20321023_08.txt
264.png,264.txt
2532.png,2532.txt
2233.png,2233.txt
2096.png,2096.txt
20301403_26.jpg,20301403_26.txt
21301019_21.jpg,21301019_21.txt
1838.png,1838.txt
367.png,367.txt
1986.png,1986.txt
1015.png,1015.txt
1028.png,1028.txt
532.png,532.txt
19121070_32.jpg,19121070_32.txt
21301138_20.jpeg,21301138_20.txt
20121051_20.png,20121051_20.txt
2916.png,2916.txt
21101135_23.JPG,21101135_23.txt
2513.png,2513.txt
20201115_23.png,20201115_23.txt
322.png,322.txt
816.png,816.txt
1622.png,1622.txt
2226.png,2226.txt
23241108_15.jpg,23241108_15.txt
20301266_05.jpg,20301266_05.txt
23241084_52.jpg,23241084_52.txt
20301228_26.JPG,20301228_26.txt
21101282_17.jpg,21101282_17.txt
20101285_18.png,20101285_18.txt
2699.png,2699.txt
22101861_09.jpg,22101861_09.txt
20301131_13.jpg,20301131_13.txt
21301589_18.png,21301589_18.txt
516.png,516.txt
22101861_28.jpg,22101861_28.txt
21301138_27.jpeg,21301138_27.txt
23341101_23.jpg,23341101_23.txt
21101243_35.jpg,21101243_35.txt
2003.png,2003.txt
2237.png,2237.txt
21201775_10.png,21201775_10.txt
21101135_15.jpg,21101135_15.txt
20121011_10.jpg,20121011_10.txt
22101857_15.png,22101857_15.txt
20201023_7.jpg,20201023_7.txt
341.png,341.txt
1920.png,1920.txt
2621.png,2621.txt
2470.png,2470.txt
2070.png,2070.txt
20201210_05.jpg,20201210_05.txt
20201148_03.png,20201148_03.txt
2993.png,2993.txt
21301138_14.jpeg,21301138_14.txt
20121051_10.png,20121051_10.txt
20301003_25.png,20301003_25.txt
20121066_07.jpg,20121066_07.txt
22101861_20.jpg,22101861_20.txt
21141009_14.jpg,21141009_14.txt
21101243_24.jpg,21101243_24.txt
1592.png,1592.txt
994.png,994.txt
21101127_02.png,21101127_02.txt
255.png,255.txt
19101192_8.jpg,19101192_8.txt
21101282_12.jpg,21101282_12.txt
2954.png,2954.txt
1813.png,1813.txt
1823.png,1823.txt
1894.png,1894.txt
984.png,984.txt
ID_22.jpg,ID_22.txt
20301294_10.jpg,20301294_10.txt
2645.png,2645.txt
20301343_22.jpg,20301343_22.txt
2158.png,2158.txt
ID_33.jpg,ID_33.txt
2125.png,2125.txt
22101857_24.png,22101857_24.txt
20301003_30.png,20301003_30.txt
668.png,668.txt
20321023_10.jpg,20321023_10.txt
22101861_18.jpg,22101861_18.txt
2154.png,2154.txt
271.png,271.txt
20301003_13.png,20301003_13.txt
21101312_56.jpg,21101312_56.txt
20121026_01.jpg,20121026_01.txt
389.png,389.txt
21301138_25.jpeg,21301138_25.txt
537.png,537.txt
21301116_06.jpg,21301116_06.txt
2467.png,2467.txt
21101135_35.png,21101135_35.txt
21301589_09.png,21301589_09.txt
20121026_21.jpg,20121026_21.txt
2124.png,2124.txt
2387.png,2387.txt
1976.png,1976.txt
546.png,546.txt
1519.png,1519.txt
742.png,742.txt
20301294_18.jpg,20301294_18.txt
23241084_13.jpg,23241084_13.txt
2169.png,2169.txt
1830.png,1830.txt
20301228_62.png,20301228_62.txt
2694.png,2694.txt
266.png,266.txt
2194.png,2194.txt
23241113_17.jpg,23241113_17.txt
24141199_05.png,24141199_05.txt
2950.png,2950.txt
969.png,969.txt
20301131_8.jpg,20301131_8.txt
20121011_11.jpg,20121011_11.txt
20201115_29.png,20201115_29.txt
2691.png,2691.txt
394.png,394.txt
327.png,327.txt
23241084_20.png,23241084_20.txt
22101857_8.png,22101857_8.txt
24141199_11.png,24141199_11.txt
2709.png,2709.txt
2846.png,2846.txt
2994.png,2994.txt
21301019_12.jpg,21301019_12.txt
20201210_36.jpg,20201210_36.txt
20301294_14.jpg,20301294_14.txt
21101243_19.jpg,21101243_19.txt
4418.png,4418.txt
490.png,490.txt
21301116_10.jpg,21301116_10.txt
20301003_14.png,20301003_14.txt
20301266_26.jpeg,20301266_26.txt
2350.png,2350.txt
13.png,13.txt
20301403_05.jpg,20301403_05.txt
23241108_19.jpg,23241108_19.txt
8.png,8.txt
736.png,736.txt
2627.png,2627.txt
494.png,494.txt
24141199_46.png,24141199_46.txt
478.png,478.txt
2457.png,2457.txt
2.png,2.txt
2618.png,2618.txt
2065.png,2065.txt
20121011_18.jpg,20121011_18.txt
509.png,509.txt
2647.png,2647.txt
20321023_05.jpg,20321023_05.txt
20301343_30.jpg,20301343_30.txt
20301368_23.jpg,20301368_23.txt
2898.png,2898.txt
20301294_23.jpg,20301294_23.txt
2400.png,2400.txt
20301228_44.png,20301228_44.txt
2109.png,2109.txt
20301414_24.png,20301414_24.txt
20101498_10.png,20101498_10.txt
1562.png,1562.txt
2690.png,2690.txt
20201023_9.jpg,20201023_9.txt
ID_28.jpg,ID_28.txt
1032.png,1032.txt
21101312_23.png,21101312_23.txt
20201086_22.png,20201086_22.txt
1972.png,1972.txt
21101312_43.jpg,21101312_43.txt
1585.png,1585.txt
20121066_05.jpg,20121066_05.txt
21101135_21.JPG,21101135_21.txt
21101135_32.png,21101135_32.txt
21301138_33.jpeg,21301138_33.txt
21101312_35.png,21101312_35.txt
20121044_07.jpg,20121044_07.txt
20101498_02.png,20101498_02.txt
24141199_08.png,24141199_08.txt
20201086_28.png,20201086_28.txt
334.png,334.txt
20301159_24.jpg,20301159_24.txt
2900.png,2900.txt
2905.png,2905.txt
2485.png,2485.txt
20201210_15.jpg,20201210_15.txt
20301131_27.jpg,20301131_27.txt
1906.png,1906.txt
2054.png,2054.txt
21201775_22.png,21201775_22.txt
2347.png,2347.txt
20301159_03.jpg,20301159_03.txt
20201086_09.png,20201086_09.txt
2029.png,2029.txt
1824.png,1824.txt
20301114_12.jpg,20301114_12.txt
2199.png,2199.txt
20301403_06.jpg,20301403_06.txt
491.png,491.txt
19121070_19.jpg,19121070_19.txt
1503.png,1503.txt
2146.png,2146.txt
2358.png,2358.txt
2998.png,2998.txt
23241113_09.jpg,23241113_09.txt
20201148_27.png,20201148_27.txt
20301159_20.jpg,20301159_20.txt
24141199_04.png,24141199_04.txt
370.png,370.txt
1975.png,1975.txt
2876.png,2876.txt
390.png,390.txt
3041.png,3041.txt
20201023_2.jpg,20201023_2.txt
340.png,340.txt
23241084_62.png,23241084_62.txt
1501.png,1501.txt
20201210_04.jpg,20201210_04.txt
20201020_43.jpg,20201020_43.txt
2399.png,2399.txt
24141199_31.png,24141199_31.txt
22101857_6.png,22101857_6.txt
252.png,252.txt
2348.png,2348.txt
18101381_27.jpeg,18101381_27.txt
484.png,484.txt
2161.png,2161.txt
20301228_03.JPG,20301228_03.txt
20121044_09.jpg,20121044_09.txt
586.png,586.txt
20201115_17.png,20201115_17.txt
20121066_06.jpg,20121066_06.txt
1018.png,1018.txt
3087.png,3087.txt
20121051_29.png,20121051_29.txt
21101127_23.png,21101127_23.txt
21101127_26.png,21101127_26.txt
544.png,544.txt
2045.png,2045.txt
463.png,463.txt
454.png,454.txt
20201210_11.jpg,20201210_11.txt
728.png,728.txt
23241084_69.jpg,23241084_69.txt
21301116_11.jpg,21301116_11.txt
963.png,963.txt
666.png,666.txt
24141199_26.png,24141199_26.txt
20201115_20.png,20201115_20.txt
20201086_07.png,20201086_07.txt
20101498_27.jpg,20101498_27.txt
20201115_07.png,20201115_07.txt
21101127_19.png,21101127_19.txt
2005.png,2005.txt
973.png,973.txt
2382.png,2382.txt
772.png,772.txt
23341101_12.jpg,23341101_12.txt
20301003_17.png,20301003_17.txt
2707.png,2707.txt
23241084_30.jpg,23241084_30.txt
23241084_6.png,23241084_6.txt
1444.png,1444.txt
793.png,793.txt
1802.png,1802.txt
4412.png,4412.txt
20101498_05.png,20101498_05.txt
ID_08.jpg,ID_08.txt
2004.png,2004.txt
17.png,17.txt
2612.png,2612.txt
20201115_26.png,20201115_26.txt
2914.png,2914.txt
21101312_20.png,21101312_20.txt
3102.png,3102.txt
1900.png,1900.txt
721.png,721.txt
21201775_11.png,21201775_11.txt
1893.png,1893.txt
21101243_17.jpg,21101243_17.txt
991.png,991.txt
2026.png,2026.txt
2657.png,2657.txt
1805.png,1805.txt
20301131_17.jpg,20301131_17.txt
671.png,671.txt
21141009_31.jpg,21141009_31.txt
2888.png,2888.txt
21301019_28.jpg,21301019_28.txt
21301027_02.jpg,21301027_02.txt
2907.png,2907.txt
1966.png,1966.txt
2926.png,2926.txt
1615.png,1615.txt
21301116_14.jpg,21301116_14.txt
2556.png,2556.txt
2622.png,2622.txt
21301589_13.png,21301589_13.txt
1811.png,1811.txt
21201175_21.png,21201175_21.txt
2705.png,2705.txt
20301159_22.jpg,20301159_22.txt
965.png,965.txt
76.png,76.txt
361.png,361.txt
23241084_28.jpg,23241084_28.txt
331.png,331.txt
2980.png,2980.txt
2120.png,2120.txt
21101312_38.png,21101312_38.txt
257.png,257.txt
20121011_19.jpg,20121011_19.txt
2910.png,2910.txt
20301228_42.png,20301228_42.txt
832.png,832.txt
20201023_5.jpg,20201023_5.txt
468.png,468.txt
20121026_23.jpg,20121026_23.txt
523.png,523.txt
24141199_63.png,24141199_63.txt
18101381_10.jpeg,18101381_10.txt
27.png,27.txt
20301414_63.jpg,20301414_63.txt
20121044_24.jpg,20121044_24.txt
1607.png,1607.txt
20121051_15.png,20121051_15.txt
796.png,796.txt
2211.png,2211.txt
3078.png,3078.txt
22101861_10.jpg,22101861_10.txt
21201175_10.png,21201175_10.txt
20321023_26.jpg,20321023_26.txt
20301228_23.JPG,20301228_23.txt
20301114_3.jpg,20301114_3.txt
1502.png,1502.txt
21101282_21.jpg,21101282_21.txt
2503.png,2503.txt
20321023_20.jpg,20321023_20.txt
3061.png,3061.txt
20201210_17.jpg,20201210_17.txt
20201023_20.jpg,20201023_20.txt
25.png,25.txt
2385.png,2385.txt
778.png,778.txt
2342.png,2342.txt
2135.png,2135.txt
21301138_16.jpeg,21301138_16.txt
2323.png,2323.txt
21101282_11.jpg,21101282_11.txt
1996.png,1996.txt
20121026_27.jpg,20121026_27.txt
23241084_64.png,23241084_64.txt
1479.png,1479.txt
20121051_03.png,20121051_03.txt
575.png,575.txt
369.png,369.txt
22101857_4.png,22101857_4.txt
21141009_17.jpg,21141009_17.txt
21101135_57.png,21101135_57.txt
20301368_12.jpeg,20301368_12.txt
2450.png,2450.txt
20321023_15.jpg,20321023_15.txt
3013.png,3013.txt
3060.png,3060.txt
823.png,823.txt
23241108_30.jpg,23241108_30.txt
20301414_68.jpg,20301414_68.txt
20121011_30.jpg,20121011_30.txt
21141009_04.jpg,21141009_04.txt
2361.png,2361.txt
20301003_24.png,20301003_24.txt
20301368_15.jpg,20301368_15.txt
1822.png,1822.txt
24141199_29.png,24141199_29.txt
20301266_09.jpg,20301266_09.txt
2913.png,2913.txt
22101857_14.png,22101857_14.txt
21101243_23.jpg,21101243_23.txt
20301414_59.jpg,20301414_59.txt
20301114_18.jpg,20301114_18.txt
20121026_09.jpg,20121026_09.txt
2446.png,2446.txt
21201175_27.png,21201175_27.txt
475.png,475.txt
2502.png,2502.txt
23241084_37.png,23241084_37.txt
1801.png,1801.txt
20301294_19.jpg,20301294_19.txt
19121070_23.jpg,19121070_23.txt
20301294_08.jpg,20301294_08.txt
20321023_12.jpg,20321023_12.txt
20201023_25.jpg,20201023_25.txt
2614.png,2614.txt
2493.png,2493.txt
23241084_22.jpg,23241084_22.txt
21101243_12.jpg,21101243_12.txt
20121066_04.jpg,20121066_04.txt
2976.png,2976.txt
20121066_26.jpg,20121066_26.txt
ID_20.jpg,ID_20.txt
20201086_27.png,20201086_27.txt
3001.png,3001.txt
1485.png,1485.txt
20301414_40.png,20301414_40.txt
20301114_22.jpg,20301114_22.txt
23241108_20.jpg,23241108_20.txt
22101857_18.png,22101857_18.txt
461.png,461.txt
23241084_27.png,23241084_27.txt
5.png,5.txt
20101285_20.png,20101285_20.txt
349.png,349.txt
831.png,831.txt
20301228_21.JPG,20301228_21.txt
20301159_16.jpg,20301159_16.txt
20201210_07.jpg,20201210_07.txt
77.png,77.txt
2091.png,2091.txt
20301090_08.png,20301090_08.txt
80.png,80.txt
19.png,19.txt
ID_19.jpg,ID_19.txt
61.png,61.txt
20101285_12.png,20101285_12.txt
2952.png,2952.txt
505.png,505.txt
18101381_24.jpeg,18101381_24.txt
1993.png,1993.txt
2631.png,2631.txt
21101312_9.png,21101312_9.txt
1456.png,1456.txt
21101135_19.JPG,21101135_19.txt
20201115_18.png,20201115_18.txt
20301403_11.jpg,20301403_11.txt
20101498_08.png,20101498_08.txt
20321023_13.jpg,20321023_13.txt
1465.png,1465.txt
2997.png,2997.txt
21301019_08.jpg,21301019_08.txt
23241084_55.png,23241084_55.txt
22141027_26.png,22141027_26.txt
589.png,589.txt
24141199_30.png,24141199_30.txt
20301294_20.jpg,20301294_20.txt
1591.png,1591.txt
1580.png,1580.txt
2629.png,2629.txt
3028.png,3028.txt
2654.png,2654.txt
2001.png,2001.txt
21101312_4.png,21101312_4.txt
20301403_12.jpg,20301403_12.txt
1637.png,1637.txt
20101498_04.png,20101498_04.txt
1037.png,1037.txt
20301228_29.JPG,20301228_29.txt
21301019_03.jpg,21301019_03.txt
20121051_05.png,20121051_05.txt
20301114_9.jpg,20301114_9.txt
20301266_28.jpeg,20301266_28.txt
2016.png,2016.txt
20121044_19.jpg,20121044_19.txt
20201020_69.png,20201020_69.txt
20301228_53.png,20301228_53.txt
2717.png,2717.txt
555.png,555.txt
21101312_45.jpg,21101312_45.txt
21101127_14.png,21101127_14.txt
23241084_11.jpg,23241084_11.txt
2925.png,2925.txt
2368.png,2368.txt
20121044_16.jpg,20121044_16.txt
20301414_10.png,20301414_10.txt
21201175_26.png,21201175_26.txt
2555.png,2555.txt
2363.png,2363.txt
21201175_29.png,21201175_29.txt
20301131_5.jpg,20301131_5.txt
20301228_17.JPG,20301228_17.txt
2021.png,2021.txt
20101285_50.jpg,20101285_50.txt
20201086_26.png,20201086_26.txt
3071.png,3071.txt
550.png,550.txt
453.png,453.txt
277.png,277.txt
804.png,804.txt
2352.png,2352.txt
4434.png,4434.txt
2667.png,2667.txt
63.png,63.txt
2451.png,2451.txt
1029.png,1029.txt
3012.png,3012.txt
2143.png,2143.txt
21301019_26.jpg,21301019_26.txt
20121026_29.jpg,20121026_29.txt
20121051_01.png,20121051_01.txt
2626.png,2626.txt
20301228_02.JPG,20301228_02.txt
2558.png,2558.txt
2931.png,2931.txt
2634.png,2634.txt
26.png,26.txt
2961.png,2961.txt
828.png,828.txt
2160.png,2160.txt
20301368_14.jpg,20301368_14.txt
20301114_14.jpg,20301114_14.txt
20321023_11.jpg,20321023_11.txt
2341.png,2341.txt
20201115_11.png,20201115_11.txt
21101127_29.png,21101127_29.txt
731.png,731.txt
541.png,541.txt
20201148_33.png,20201148_33.txt
3103.png,3103.txt
2651.png,2651.txt
275.png,275.txt
2022.png,2022.txt
21301116_13.jpg,21301116_13.txt
21101312_26.png,21101312_26.txt
368.png,368.txt
20321023_09.jpg,20321023_09.txt
2881.png,2881.txt
538.png,538.txt
20301131_30.jpg,20301131_30.txt
2899.png,2899.txt
753.png,753.txt
20301228_52.png,20301228_52.txt
3064.png,3064.txt
1468.png,1468.txt
324.png,324.txt
2984.png,2984.txt
1981.png,1981.txt
2381.png,2381.txt
511.png,511.txt
1897.png,1897.txt
399.png,399.txt
20301294_02.jpg,20301294_02.txt
20301159_11.jpg,20301159_11.txt
364.png,364.txt
21201775_09.png,21201775_09.txt
20301403_10.jpg,20301403_10.txt
ID_10.jpg,ID_10.txt
22101857_12.png,22101857_12.txt
20301368_06.jpeg,20301368_06.txt
21301138_02.jpeg,21301138_02.txt
21101135_07.JPG,21101135_07.txt
ID_16.jpg,ID_16.txt
971.png,971.txt
2560.png,2560.txt
1974.png,1974.txt
23341101_28.jpg,23341101_28.txt
20201148_32.png,20201148_32.txt
21301027_12.jpg,21301027_12.txt
36.png,36.txt
3085.png,3085.txt
23241084_35.png,23241084_35.txt
20201023_3.jpg,20201023_3.txt
21201775_19.png,21201775_19.txt
20301414_61.jpg,20301414_61.txt
23241113_29.jpg,23241113_29.txt
21101312_31.png,21101312_31.txt
2351.png,2351.txt
21141009_29.jpg,21141009_29.txt
21101312_54.jpg,21101312_54.txt
2544.png,2544.txt
23241113_03.jpg,23241113_03.txt
818.png,818.txt
20101498_25.jpg,20101498_25.txt
351.png,351.txt
768.png,768.txt
20301228_14.JPG,20301228_14.txt
2389.png,2389.txt
2121.png,2121.txt
23241113_07.jpg,23241113_07.txt
20201020_45.jpg,20201020_45.txt
254.png,254.txt
22141027_15.png,22141027_15.txt
21101312_41.jpg,21101312_41.txt
21301138_11.jpeg,21301138_11.txt
20121051_22.png,20121051_22.txt
20121044_18.jpg,20121044_18.txt
21201775_06.png,21201775_06.txt
20201020_59.jpg,20201020_59.txt
1582.png,1582.txt
1033.png,1033.txt
22141027_14.png,22141027_14.txt
2357.png,2357.txt
20301090_21.png,20301090_21.txt
20101498_01.png,20101498_01.txt
20301343_06.jpg,20301343_06.txt
21101282_07.jpg,21101282_07.txt
22141027_18.png,22141027_18.txt
20301414_09.png,20301414_09.txt
20301403_18.jpg,20301403_18.txt
20301228_58.png,20301228_58.txt
23241113_14.jpg,23241113_14.txt
1982.png,1982.txt
20201023_6.jpg,20201023_6.txt
20301090_16.png,20301090_16.txt
23241108_22.jpg,23241108_22.txt
21301116_20.jpg,21301116_20.txt
1630.png,1630.txt
20301266_01.jpg,20301266_01.txt
374.png,374.txt
20301228_16.JPG,20301228_16.txt
2716.png,2716.txt
20301090_30.png,20301090_30.txt
21301589_25.png,21301589_25.txt
2215.png,2215.txt
19101192_24.jpg,19101192_24.txt
540.png,540.txt
3075.png,3075.txt
23241084_47.png,23241084_47.txt
1601.png,1601.txt
70.png,70.txt
23241108_04.jpg,23241108_04.txt
2851.png,2851.txt
21101135_45.png,21101135_45.txt
ID_38.jpg,ID_38.txt
2547.png,2547.txt
2604.png,2604.txt
22101861_13.jpg,22101861_13.txt
20121026_11.jpg,20121026_11.txt
21101135_47.png,21101135_47.txt
20301228_11.JPG,20301228_11.txt
2100.png,2100.txt
1963.png,1963.txt
488.png,488.txt
1027.png,1027.txt
21101135_69.png,21101135_69.txt
20301368_21.jpg,20301368_21.txt
23241084_53.png,23241084_53.txt
20301368_20.jpg,20301368_20.txt
22141027_24.png,22141027_24.txt
3090.png,3090.txt
23241108_09.jpg,23241108_09.txt
2972.png,2972.txt
2114.png,2114.txt
2712.png,2712.txt
22101857_7.png,22101857_7.txt
20101285_19.png,20101285_19.txt
21101127_24.png,21101127_24.txt
20301228_51.png,20301228_51.txt
20301114_25.jpg,20301114_25.txt
276.png,276.txt
2212.png,2212.txt
2123.png,2123.txt
751.png,751.txt
2850.png,2850.txt
3110.png,3110.txt
24141199_34.png,24141199_34.txt
2126.png,2126.txt
20101285_55.jpg,20101285_55.txt
3038.png,3038.txt
1606.png,1606.txt
20101498_24.jpg,20101498_24.txt
3019.png,3019.txt
2379.png,2379.txt
2056.png,2056.txt
20301343_13.jpg,20301343_13.txt
729.png,729.txt
4424.png,4424.txt
373.png,373.txt
21101135_41.png,21101135_41.txt
18101381_02.jpeg,18101381_02.txt
22101861_22.jpg,22101861_22.txt
20121066_16.jpg,20121066_16.txt
465.png,465.txt
6.png,6.txt
1616.png,1616.txt
2703.png,2703.txt
21141009_20.jpg,21141009_20.txt
20201148_10.png,20201148_10.txt
2677.png,2677.txt
378.png,378.txt
19121070_08.jpg,19121070_08.txt
20101285_40.png,20101285_40.txt
20301266_07.jpg,20301266_07.txt
2930.png,2930.txt
1602.png,1602.txt
20101285_22.png,20101285_22.txt
20201115_27.png,20201115_27.txt
1804.png,1804.txt
2063.png,2063.txt
20121011_13.jpg,20121011_13.txt
1618.png,1618.txt
24141199_28.png,24141199_28.txt
1839.png,1839.txt
21301019_18.jpg,21301019_18.txt
1840.png,1840.txt
2192.png,2192.txt
2722.png,2722.txt
1452.png,1452.txt
23241108_16.jpg,23241108_16.txt
21101312_37.png,21101312_37.txt
3042.png,3042.txt
485.png,485.txt
23341101_04.jpg,23341101_04.txt
20301343_26.jpg,20301343_26.txt
20301090_06.png,20301090_06.txt
1962.png,1962.txt
20301294_29.jpg,20301294_29.txt
20301368_16.jpg,20301368_16.txt
20101285_30.png,20101285_30.txt
2531.png,2531.txt
20301414_29.png,20301414_29.txt
2191.png,2191.txt
21201175_11.png,21201175_11.txt
20201210_28.jpg,20201210_28.txt
22101857_3.png,22101857_3.txt
20121026_30.jpg,20121026_30.txt
21301027_26.jpg,21301027_26.txt
1605.png,1605.txt
22141027_23.png,22141027_23.txt
22101861_26.jpg,22101861_26.txt
23341101_21.jpg,23341101_21.txt
24141199_42.png,24141199_42.txt
79.png,79.txt
1002.png,1002.txt
20301228_10.JPG,20301228_10.txt
4438.png,4438.txt
395.png,395.txt
2981.png,2981.txt
21101312_15.png,21101312_15.txt
20101285_34.png,20101285_34.txt
798.png,798.txt
986.png,986.txt
20201020_57.jpg,20201020_57.txt
2359.png,2359.txt
20121044_13.jpg,20121044_13.txt
985.png,985.txt
20301228_37.png,20301228_37.txt
55.png,55.txt
274.png,274.txt
21301116_26.jpg,21301116_26.txt
24141199_23.png,24141199_23.txt
21201175_24.png,21201175_24.txt
21141009_09.jpg,21141009_09.txt
21201175_14.png,21201175_14.txt
652.png,652.txt
21301116_30.jpg,21301116_30.txt
19121070_34.jpg,19121070_34.txt
19121070_06.jpg,19121070_06.txt
1509.png,1509.txt
2501.png,2501.txt
1575.png,1575.txt
20121044_23.jpg,20121044_23.txt
20201086_30.png,20201086_30.txt
21101312_59.jpg,21101312_59.txt
21301019_06.jpg,21301019_06.txt
19101192_16.jpg,19101192_16.txt
810.png,810.txt
21101135_49.png,21101135_49.txt
24141199_60.png,24141199_60.txt
20101285_60.jpg,20101285_60.txt
1451.png,1451.txt
20301343_27.jpg,20301343_27.txt
3104.png,3104.txt
21101135_02JPG.JPG,21101135_02JPG.txt
19101192_6.jpg,19101192_6.txt
2906.png,2906.txt
21101135_38.png,21101135_38.txt
645.png,645.txt
23241084_42.jpg,23241084_42.txt
20301228_12.JPG,20301228_12.txt
23241108_14.jpg,23241108_14.txt
23.png,23.txt
20301131_23.jpg,20301131_23.txt
2630.png,2630.txt
24141199_17.png,24141199_17.txt
333.png,333.txt
2131.png,2131.txt
20301114_6.jpg,20301114_6.txt
20301294_24.jpg,20301294_24.txt
1608.png,1608.txt
2655.png,2655.txt
3059.png,3059.txt
21301019_07.jpg,21301019_07.txt
20101285_63.jpg,20101285_63.txt
20301414_62.jpg,20301414_62.txt
21101135_09.JPG,21101135_09.txt
765.png,765.txt
20301228_56.png,20301228_56.txt
1825.png,1825.txt
2718.png,2718.txt
20301414_25.png,20301414_25.txt
21301116_04.jpg,21301116_04.txt
480.png,480.txt
20121066_08.jpg,20121066_08.txt
1517.png,1517.txt
270.png,270.txt
21201775_03.png,21201775_03.txt
2946.png,2946.txt
2539.png,2539.txt
21101312_52.jpg,21101312_52.txt
21201775_29.png,21201775_29.txt
21201775_17.png,21201775_17.txt
21101312_14.png,21101312_14.txt
21101312_49.jpg,21101312_49.txt
1594.png,1594.txt
1623.png,1623.txt
570.png,570.txt
2115.png,2115.txt
20301343_23.jpg,20301343_23.txt
2094.png,2094.txt
815.png,815.txt
839.png,839.txt
3083.png,3083.txt
975.png,975.txt
1814.png,1814.txt
22101861_11.jpg,22101861_11.txt
21141009_18.jpg,21141009_18.txt
2443.png,2443.txt
20201023_30.jpg,20201023_30.txt
582.png,582.txt
2164.png,2164.txt
1024.png,1024.txt
21301138_23.jpeg,21301138_23.txt
2227.png,2227.txt
2095.png,2095.txt
665.png,665.txt
964.png,964.txt
20301368_07.jpeg,20301368_07.txt
2684.png,2684.txt
23241113_12.jpg,23241113_12.txt
482.png,482.txt
641.png,641.txt
2116.png,2116.txt
1632.png,1632.txt
20301228_32.png,20301228_32.txt
2040.png,2040.txt
978.png,978.txt
2602.png,2602.txt
21141009_13.jpg,21141009_13.txt
21141009_26.jpg,21141009_26.txt
19101192_14.jpg,19101192_14.txt
360.png,360.txt
3032.png,3032.txt
18101381_25.jpeg,18101381_25.txt
20301003_20.png,20301003_20.txt
20201023_21.jpg,20201023_21.txt
20301403_24.jpg,20301403_24.txt
23241084_19.jpg,23241084_19.txt
830.png,830.txt
2536.png,2536.txt
2936.png,2936.txt
ID_36.jpg,ID_36.txt
20301228_06.JPG,20301228_06.txt
2700.png,2700.txt
20121026_25.jpg,20121026_25.txt
20301414_64.jpg,20301414_64.txt
356.png,356.txt
2099.png,2099.txt
1040.png,1040.txt
21101312_32.png,21101312_32.txt
20201210_37.jpg,20201210_37.txt
21301138_04.jpeg,21301138_04.txt
814.png,814.txt
486.png,486.txt
2224.png,2224.txt
19121070_03.jpg,19121070_03.txt
3117.png,3117.txt
20301131_26.jpg,20301131_26.txt
2609.png,2609.txt
726.png,726.txt
23241108_23.jpg,23241108_23.txt
2879.png,2879.txt
659.png,659.txt
20301266_11.jpg,20301266_11.txt
2218.png,2218.txt
2017.png,2017.txt
656.png,656.txt
2019.png,2019.txt
2540.png,2540.txt
2932.png,2932.txt
353.png,353.txt
1518.png,1518.txt
2642.png,2642.txt
21141009_06.jpg,21141009_06.txt
2474.png,2474.txt
19121070_05.jpg,19121070_05.txt
20301368_04.jpeg,20301368_04.txt
22101861_24.jpg,22101861_24.txt
3058.png,3058.txt
2333.png,2333.txt
19121070_28.jpg,19121070_28.txt
21201175_17.png,21201175_17.txt
20201148_29.png,20201148_29.txt
1635.png,1635.txt
20301343_21.jpg,20301343_21.txt
776.png,776.txt
31.png,31.txt
20201210_29.jpg,20201210_29.txt
20201148_24.png,20201148_24.txt
24141199_68.png,24141199_68.txt
20301131_7.jpg,20301131_7.txt
20201023_26.jpg,20201023_26.txt
23241113_04.jpg,23241113_04.txt
20301266_10.jpg,20301266_10.txt
1483.png,1483.txt
20101498_28.jpg,20101498_28.txt
21201775_08.png,21201775_08.txt
1469.png,1469.txt
24141199_40.png,24141199_40.txt
2987.png,2987.txt
20101285_57.jpg,20101285_57.txt
21141009_16.jpg,21141009_16.txt
20301368_03.jpeg,20301368_03.txt
21201775_21.png,21201775_21.txt
2172.png,2172.txt
1895.png,1895.txt
23341101_11.jpg,23341101_11.txt
23241113_11.jpg,23241113_11.txt
20301228_05.JPG,20301228_05.txt
2007.png,2007.txt
20301131_21.jpg,20301131_21.txt
825.png,825.txt
ID_04.jpg,ID_04.txt
2397.png,2397.txt
21301027_08.jpg,21301027_08.txt
770.png,770.txt
23341101_10.jpg,23341101_10.txt
2638.png,2638.txt
21101243_33.jpg,21101243_33.txt
325.png,325.txt
1441.png,1441.txt
20301090_20.png,20301090_20.txt
4403.png,4403.txt
338.png,338.txt
1019.png,1019.txt
2986.png,2986.txt
794.png,794.txt
441.png,441.txt
3069.png,3069.txt
23241084_5.jpg,23241084_5.txt
2453.png,2453.txt
20301403_07.jpg,20301403_07.txt
4410.png,4410.txt
23241084_60.png,23241084_60.txt
800.png,800.txt
3101.png,3101.txt
20301266_02.jpg,20301266_02.txt
499.png,499.txt
24141199_38.png,24141199_38.txt
20201148_13.png,20201148_13.txt
1442.png,1442.txt
4439.png,4439.txt
725.png,725.txt
2204.png,2204.txt
20301368_10.jpeg,20301368_10.txt
2841.png,2841.txt
1497.png,1497.txt
23241108_17.jpg,23241108_17.txt
24141199_57.png,24141199_57.txt
775.png,775.txt
1803.png,1803.txt
680.png,680.txt
23241084_58.jpg,23241084_58.txt
20301368_27.jpg,20301368_27.txt
20301114_17.jpg,20301114_17.txt
19101192_01.jpg,19101192_01.txt
20301090_23.png,20301090_23.txt
21101127_11.png,21101127_11.txt
23341101_13.jpg,23341101_13.txt
258.png,258.txt
19121070_04.jpg,19121070_04.txt
20101285_16.png,20101285_16.txt
20301003_18.png,20301003_18.txt
1970.png,1970.txt
21101312_53.jpg,21101312_53.txt
23241113_33.jpg,23241113_33.txt
1459.png,1459.txt
20121011_24.jpg,20121011_24.txt
20101498_16.png,20101498_16.txt
24141199_69.png,24141199_69.txt
3111.png,3111.txt
20201115_28.png,20201115_28.txt
2545.png,2545.txt
2167.png,2167.txt
2923.png,2923.txt
20121011_02.jpg,20121011_02.txt
23241084_15.jpg,23241084_15.txt
2396.png,2396.txt
455.png,455.txt
20101285_11.png,20101285_11.txt
20301228_34.png,20301228_34.txt
2983.png,2983.txt
2554.png,2554.txt
20301159_02.jpg,20301159_02.txt
20201115_04.png,20201115_04.txt
2515.png,2515.txt
20301228_47.png,20301228_47.txt
2071.png,2071.txt
2355.png,2355.txt
1809.png,1809.txt
20201148_18.png,20201148_18.txt
20201210_06.jpg,20201210_06.txt
762.png,762.txt
21101282_26.jpg,21101282_26.txt
21101282_18.jpg,21101282_18.txt
20301403_29.jpg,20301403_29.txt
21301138_19.jpeg,21301138_19.txt
2996.png,2996.txt
22141027_01.png,22141027_01.txt
2078.png,2078.txt
1888.png,1888.txt
21101312_5.png,21101312_5.txt
21301589_21.png,21301589_21.txt
2000.png,2000.txt
20301159_14.jpg,20301159_14.txt
24141199_49.png,24141199_49.txt
21101127_22.png,21101127_22.txt
22141027_29.png,22141027_29.txt
1832.png,1832.txt
20301131_28.jpg,20301131_28.txt
1471.png,1471.txt
20121011_17.jpg,20121011_17.txt
2844.png,2844.txt
1504.png,1504.txt
2908.png,2908.txt
2448.png,2448.txt
20301403_17.jpg,20301403_17.txt
20301228_49.png,20301228_49.txt
1568.png,1568.txt
23241113_05.jpg,23241113_05.txt
2206.png,2206.txt
3003.png,3003.txt
19121070_26.jpg,19121070_26.txt
21101312_28.png,21101312_28.txt
2179.png,2179.txt
1500.png,1500.txt
20101285_26.png,20101285_26.txt
2168.png,2168.txt
400.png,400.txt
22101861_01.jpg,22101861_01.txt
535.png,535.txt
21301019_24.jpg,21301019_24.txt
587.png,587.txt
20201210_34.jpg,20201210_34.txt
996.png,996.txt
2089.png,2089.txt
20121044_26.jpg,20121044_26.txt
20301228_68.png,20301228_68.txt
20301414_27.png,20301414_27.txt
2880.png,2880.txt
23241084_68.png,23241084_68.txt
2511.png,2511.txt
19101192_26.jpg,19101192_26.txt
21101127_21.png,21101127_21.txt
2615.png,2615.txt
1513.png,1513.txt
20301414_06.png,20301414_06.txt
22141027_13.png,22141027_13.txt
21301138_18.jpeg,21301138_18.txt
1968.png,1968.txt
21301027_14.jpg,21301027_14.txt
20301003_21.png,20301003_21.txt
18101381_22.jpeg,18101381_22.txt
2077.png,2077.txt
2623.png,2623.txt
20301368_18.jpg,20301368_18.txt
21101135_54.png,21101135_54.txt
1004.png,1004.txt
1901.png,1901.txt
574.png,574.txt
343.png,343.txt
2967.png,2967.txt
21101243_10.jpg,21101243_10.txt
20121011_29.jpg,20121011_29.txt
805.png,805.txt
20301228_22.JPG,20301228_22.txt
2234.png,2234.txt
2633.png,2633.txt
20121066_10.jpg,20121066_10.txt
3089.png,3089.txt
20101285_52.jpg,20101285_52.txt
20301294_21.jpg,20301294_21.txt
792.png,792.txt
21301027_18.jpg,21301027_18.txt
29.png,29.txt
1821.png,1821.txt
3033.png,3033.txt
21201175_03.png,21201175_03.txt
644.png,644.txt
838.png,838.txt
20301368_08.jpeg,20301368_08.txt
674.png,674.txt
20301114_28.jpg,20301114_28.txt
20301003_23.png,20301003_23.txt
1487.png,1487.txt
20301414_05.png,20301414_05.txt
2896.png,2896.txt
20121044_08.jpg,20121044_08.txt
21101282_19.jpg,21101282_19.txt
2458.png,2458.txt
20201020_62.jpg,20201020_62.txt
466.png,466.txt
23341101_27.jpg,23341101_27.txt
20301266_03.jpg,20301266_03.txt
833.png,833.txt
2038.png,2038.txt
20201020_50.jpg,20201020_50.txt
2134.png,2134.txt
1576.png,1576.txt
20301266_24.jpeg,20301266_24.txt
32.png,32.txt
21301019_14.jpg,21301019_14.txt
348.png,348.txt
21141009_15.jpg,21141009_15.txt
20201020_52.jpg,20201020_52.txt
20301090_05.png,20301090_05.txt
479.png,479.txt
785.png,785.txt
3063.png,3063.txt
2107.png,2107.txt
1014.png,1014.txt
446.png,446.txt
2196.png,2196.txt
21301138_12.jpeg,21301138_12.txt
20201086_20.png,20201086_20.txt
20201020_44.jpg,20201020_44.txt
1627.png,1627.txt
21101243_29.jpg,21101243_29.txt
23241113_31.jpg,23241113_31.txt
20101285_65.jpg,20101285_65.txt
23241113_24.jpg,23241113_24.txt
22101857_19.png,22101857_19.txt
20201020_70.png,20201020_70.txt
1598.png,1598.txt
735.png,735.txt
597.png,597.txt
20301294_13.jpg,20301294_13.txt
20201210_02.jpg,20201210_02.txt
21101282_29.jpg,21101282_29.txt
1025.png,1025.txt
2697.png,2697.txt
279.png,279.txt
23241084_1.jpg,23241084_1.txt
21141009_03.jpg,21141009_03.txt
20121051_21.png,20121051_21.txt
2492.png,2492.txt
1481.png,1481.txt
21301019_29.jpg,21301019_29.txt
443.png,443.txt
1482.png,1482.txt
20301403_23.jpg,20301403_23.txt
20301131_2.jpg,20301131_2.txt
20301131_19.jpg,20301131_19.txt
2865.png,2865.txt
4436.png,4436.txt
2473.png,2473.txt
23241113_32.jpg,23241113_32.txt
34.png,34.txt
2543.png,2543.txt
1589.png,1589.txt
20301003_22.png,20301003_22.txt
2175.png,2175.txt
20301414_60.jpg,20301414_60.txt
3076.png,3076.txt
21301138_09.jpeg,21301138_09.txt
21101127_28.png,21101127_28.txt
21301138_03.jpeg,21301138_03.txt
21101312_24.png,21101312_24.txt
1581.png,1581.txt
20301266_20.jpg,20301266_20.txt
21101135_22.JPG,21101135_22.txt
819.png,819.txt
1491.png,1491.txt
20301114_2.jpg,20301114_2.txt
1819.png,1819.txt
2060.png,2060.txt
531.png,531.txt
20301403_03.jpg,20301403_03.txt
2455.png,2455.txt
23241113_28.jpg,23241113_28.txt
21141009_28.jpg,21141009_28.txt
524.png,524.txt
24141199_25.png,24141199_25.txt
21101243_22.jpg,21101243_22.txt
20121066_28.jpg,20121066_28.txt
21301027_28.jpg,21301027_28.txt
1625.png,1625.txt
248.png,248.txt
3055.png,3055.txt
20101498_15.png,20101498_15.txt
20201148_28.png,20201148_28.txt
2696.png,2696.txt
21101312_33.png,21101312_33.txt
20201023_11.jpg,20201023_11.txt
1820.png,1820.txt
21101135_65.png,21101135_65.txt
2239.png,2239.txt
2128.png,2128.txt
18101381_06.jpeg,18101381_06.txt
474.png,474.txt
2187.png,2187.txt
2681.png,2681.txt
450.png,450.txt
2087.png,2087.txt
20201210_13.jpg,20201210_13.txt
23341101_03.jpg,23341101_03.txt
1620.png,1620.txt
20121044_10.jpg,20121044_10.txt
20121066_02.jpg,20121066_02.txt
21101312_67.jpg,21101312_67.txt
14.png,14.txt
1817.png,1817.txt
2177.png,2177.txt
20301003_26.png,20301003_26.txt
19101192_30.jpg,19101192_30.txt
2139.png,2139.txt
1826.png,1826.txt
332.png,332.txt
2958.png,2958.txt
19101192_27.jpg,19101192_27.txt
20201023_13.jpg,20201023_13.txt
4415.png,4415.txt
4414.png,4414.txt
2557.png,2557.txt
20301228_09.JPG,20301228_09.txt
21101243_26.jpg,21101243_26.txt
21301027_22.jpg,21301027_22.txt
732.png,732.txt
801.png,801.txt
20301266_27.jpeg,20301266_27.txt
20301368_24.jpg,20301368_24.txt
22101861_30.jpg,22101861_30.txt
1919.png,1919.txt
246.png,246.txt
20301228_63.png,20301228_63.txt
21301138_17.jpeg,21301138_17.txt
566.png,566.txt
23241113_27.jpg,23241113_27.txt
20201148_11.png,20201148_11.txt
21201775_25.png,21201775_25.txt
20301090_26.png,20301090_26.txt
21301138_24.jpeg,21301138_24.txt
20301403_25.jpg,20301403_25.txt
371.png,371.txt
1516.png,1516.txt
20121011_14.jpg,20121011_14.txt
20301131_24.jpg,20301131_24.txt
2138.png,2138.txt
47.png,47.txt
3007.png,3007.txt
23241113_06.jpg,23241113_06.txt
20121026_28.jpg,20121026_28.txt
20101285_61.jpg,20101285_61.txt
20301414_66.jpg,20301414_66.txt
20201115_05.png,20201115_05.txt
20301090_29.png,20301090_29.txt
19121070_20.jpg,19121070_20.txt
21101312_18.png,21101312_18.txt
23341101_15.jpg,23341101_15.txt
354.png,354.txt
449.png,449.txt
755.png,755.txt
2508.png,2508.txt
2184.png,2184.txt
2395.png,2395.txt
20301414_20.png,20301414_20.txt
20121066_21.jpg,20121066_21.txt
21301027_24.jpg,21301027_24.txt
20201210_24.jpg,20201210_24.txt
2119.png,2119.txt
20101285_56.jpg,20101285_56.txt
21101135_52.png,21101135_52.txt
20101498_21.jpg,20101498_21.txt
21301116_12.jpg,21301116_12.txt
20301090_28.png,20301090_28.txt
1484.png,1484.txt
3066.png,3066.txt
20301090_17.png,20301090_17.txt
20121066_11.jpg,20121066_11.txt
21101135_70.png,21101135_70.txt
20201086_05.png,20201086_05.txt
21101312_42.jpg,21101312_42.txt
812.png,812.txt
21101135_03JPG.JPG,21101135_03JPG.txt
3092.png,3092.txt
385.png,385.txt
21101282_15.jpg,21101282_15.txt
18101381_20.jpeg,18101381_20.txt
2619.png,2619.txt
2195.png,2195.txt
23241113_19.jpg,23241113_19.txt
20121051_28.png,20121051_28.txt
2046.png,2046.txt
18101381_15.jpeg,18101381_15.txt
3070.png,3070.txt
457.png,457.txt
2103.png,2103.txt
41.png,41.txt
2922.png,2922.txt
4429.png,4429.txt
20301114_7.jpg,20301114_7.txt
21101243_32.jpg,21101243_32.txt
15.png,15.txt
990.png,990.txt
64.png,64.txt
20301131_6.jpg,20301131_6.txt
20101285_04.png,20101285_04.txt
1563.png,1563.txt
3057.png,3057.txt
21301138_08.jpeg,21301138_08.txt
20121026_17.jpg,20121026_17.txt
3024.png,3024.txt
1892.png,1892.txt
974.png,974.txt
4.png,4.txt
21101127_17.png,21101127_17.txt
20301131_12.jpg,20301131_12.txt
4421.png,4421.txt
20301228_27.JPG,20301228_27.txt
18101381_08.jpeg,18101381_08.txt
1579.png,1579.txt
1884.png,1884.txt
982.png,982.txt
21.png,21.txt
20301114_4.jpg,20301114_4.txt
1026.png,1026.txt
23241113_02.jpg,23241113_02.txt
19121070_16.jpg,19121070_16.txt
ID_17.jpg,ID_17.txt
20301414_03.png,20301414_03.txt
2869.png,2869.txt
20201023_14.jpg,20201023_14.txt
1636.png,1636.txt
1458.png,1458.txt
576.png,576.txt
21301027_07.jpg,21301027_07.txt
1980.png,1980.txt
23241113_22.jpg,23241113_22.txt
2084.png,2084.txt
38.png,38.txt
2111.png,2111.txt
20121044_30.jpg,20121044_30.txt
20121011_23.jpg,20121011_23.txt
2002.png,2002.txt
20201086_06.png,20201086_06.txt
18101381_12.jpeg,18101381_12.txt
21101127_01.png,21101127_01.txt
19101192_2.jpg,19101192_2.txt
21101243_25.jpg,21101243_25.txt
661.png,661.txt
22101861_15.jpg,22101861_15.txt
21101243_08.jpg,21101243_08.txt
21101135_61.png,21101135_61.txt
2868.png,2868.txt
3039.png,3039.txt
2973.png,2973.txt
20201086_13.png,20201086_13.txt
20201210_31.jpg,20201210_31.txt
1514.png,1514.txt
1992.png,1992.txt
20301159_04.jpg,20301159_04.txt
20301090_03.png,20301090_03.txt
20201148_21.png,20201148_21.txt
3046.png,3046.txt
19101192_15.jpg,19101192_15.txt
20201020_67.jpg,20201020_67.txt
542.png,542.txt
2637.png,2637.txt
2461.png,2461.txt
376.png,376.txt
75.png,75.txt
1590.png,1590.txt
21301589_16.png,21301589_16.txt
21301138_22.jpeg,21301138_22.txt
24141199_55.png,24141199_55.txt
2052.png,2052.txt
20101285_09.png,20101285_09.txt
20301228_40.png,20301228_40.txt
2101.png,2101.txt
21101135_13.JPG,21101135_13.txt
321.png,321.txt
2346.png,2346.txt
20301003_02.png,20301003_02.txt
2708.png,2708.txt
2977.png,2977.txt
1885.png,1885.txt
20301114_23.jpg,20301114_23.txt
2105.png,2105.txt
533.png,533.txt
20101498_19.png,20101498_19.txt
2447.png,2447.txt
20201023_22.jpg,20201023_22.txt
1903.png,1903.txt
3005.png,3005.txt
813.png,813.txt
1567.png,1567.txt
20301228_31.png,20301228_31.txt
999.png,999.txt
1467.png,1467.txt
21101127_18.png,21101127_18.txt
3020.png,3020.txt
2855.png,2855.txt
2222.png,2222.txt
362.png,362.txt
2860.png,2860.txt
1815.png,1815.txt
1613.png,1613.txt
3113.png,3113.txt
820.png,820.txt
21101243_21.jpg,21101243_21.txt
1886.png,1886.txt
737.png,737.txt
19101192_21.jpg,19101192_21.txt
1505.png,1505.txt
20201210_03.jpg,20201210_03.txt
583.png,583.txt
1494.png,1494.txt
22101861_21.jpg,22101861_21.txt
21301589_20.png,21301589_20.txt
2391.png,2391.txt
2603.png,2603.txt
21201175_25.png,21201175_25.txt
20301003_04.png,20301003_04.txt
20121051_09.png,20121051_09.txt
21101243_14.jpg,21101243_14.txt
20301294_05.jpg,20301294_05.txt
20301368_05.jpeg,20301368_05.txt
20121044_27.jpg,20121044_27.txt
20201023_4.jpg,20201023_4.txt
330.png,330.txt
21301019_16.jpg,21301019_16.txt
2933.png,2933.txt
20301114_29.jpg,20301114_29.txt
20321023_14.jpg,20321023_14.txt
2675.png,2675.txt
1626.png,1626.txt
20301228_64.png,20301228_64.txt
21101312_63.jpg,21101312_63.txt
20121051_23.png,20121051_23.txt
808.png,808.txt
19101192_22.jpg,19101192_22.txt
1807.png,1807.txt
18101381_09.jpeg,18101381_09.txt
2490.png,2490.txt
2859.png,2859.txt
20301294_9.jpg,20301294_9.txt
2676.png,2676.txt
2075.png,2075.txt
20201023_1.jpg,20201023_1.txt
2205.png,2205.txt
20201020_58.jpg,20201020_58.txt
1564.png,1564.txt
20201115_16.png,20201115_16.txt
23241113_21.jpg,23241113_21.txt
20201148_09.png,20201148_09.txt
4402.png,4402.txt
2610.png,2610.txt
3091.png,3091.txt
536.png,536.txt
1631.png,1631.txt
2541.png,2541.txt
2924.png,2924.txt
21301019_10.jpg,21301019_10.txt
3036.png,3036.txt
2376.png,2376.txt
1977.png,1977.txt
2219.png,2219.txt
20101285_62.jpg,20101285_62.txt
2853.png,2853.txt
22101861_27.jpg,22101861_27.txt
2506.png,2506.txt
12.png,12.txt
20121044_02.jpg,20121044_02.txt
2371.png,2371.txt
ID_40.jpg,ID_40.txt
1474.png,1474.txt
20201086_14.png,20201086_14.txt
21101135_64.png,21101135_64.txt
20201148_07.png,20201148_07.txt
ID_07.jpg,ID_07.txt
20301368_01.jpeg,20301368_01.txt
20301159_25.jpg,20301159_25.txt
21301019_25.jpg,21301019_25.txt
20101498_06.png,20101498_06.txt
20201210_33.jpg,20201210_33.txt
2200.png,2200.txt
22101861_08.jpg,22101861_08.txt
20101285_41.jpg,20101285_41.txt
21101282_16.jpg,21101282_16.txt
4433.png,4433.txt
20301228_61.png,20301228_61.txt
2327.png,2327.txt
20301114_16.jpg,20301114_16.txt
2064.png,2064.txt
20201210_39.jpg,20201210_39.txt
2456.png,2456.txt
3040.png,3040.txt
976.png,976.txt
2890.png,2890.txt
21301589_04.png,21301589_04.txt
1917.png,1917.txt
1586.png,1586.txt
21101135_24.JPG,21101135_24.txt
21101243_13.jpg,21101243_13.txt
24141199_66.png,24141199_66.txt
557.png,557.txt
2372.png,2372.txt
20201023_17.jpg,20201023_17.txt
2137.png,2137.txt
20201023_29.jpg,20201023_29.txt
2149.png,2149.txt
2073.png,2073.txt
2882.png,2882.txt
462.png,462.txt
579.png,579.txt
591.png,591.txt
20301228_19.JPG,20301228_19.txt
1511.png,1511.txt
23241113_18.jpg,23241113_18.txt
23241084_17.jpg,23241084_17.txt
20201020_60.jpg,20201020_60.txt
21101282_27.jpg,21101282_27.txt
20121011_04.jpg,20121011_04.txt
2484.png,2484.txt
774.png,774.txt
22101857_28.png,22101857_28.txt
21101282_24.jpg,21101282_24.txt
2646.png,2646.txt
21101135_05.JPG,21101135_05.txt
20201148_22.png,20201148_22.txt
21101312_51.jpg,21101312_51.txt
837.png,837.txt
1896.png,1896.txt
21301027_30.jpg,21301027_30.txt
20201020_48.jpg,20201020_48.txt
20301228_60.png,20301228_60.txt
4431.png,4431.txt
344.png,344.txt
803.png,803.txt
20301414_54.jpg,20301414_54.txt
21301116_09.jpg,21301116_09.txt
20301090_02.png,20301090_02.txt
23341101_05.jpg,23341101_05.txt
2202.png,2202.txt
23241113_13.jpg,23241113_13.txt
ID_02.jpg,ID_02.txt
58.png,58.txt
2159.png,2159.txt
2322.png,2322.txt
19121070_11.jpg,19121070_11.txt
20301414_23.png,20301414_23.txt
339.png,339.txt
20101285_39.png,20101285_39.txt
497.png,497.txt
ID_23.jpg,ID_23.txt
734.png,734.txt
22141027_06.png,22141027_06.txt
2636.png,2636.txt
673.png,673.txt
21301019_27.jpg,21301019_27.txt
1507.png,1507.txt
2672.png,2672.txt
20301343_10.jpg,20301343_10.txt
20101285_33.png,20101285_33.txt
20301131_25.jpg,20301131_25.txt
3088.png,3088.txt
19121070_30.jpg,19121070_30.txt
21101135_53.png,21101135_53.txt
18101381_16.jpeg,18101381_16.txt
21301589_29.png,21301589_29.txt
2714.png,2714.txt
972.png,972.txt
24141199_45.png,24141199_45.txt
1490.png,1490.txt
20301003_10.png,20301003_10.txt
2940.png,2940.txt
21101312_46.jpg,21101312_46.txt
20321023_01.jpg,20321023_01.txt
20121011_03.jpg,20121011_03.txt
1460.png,1460.txt
2650.png,2650.txt
771.png,771.txt
1012.png,1012.txt
1464.png,1464.txt
2067.png,2067.txt
2550.png,2550.txt
21201175_01.png,21201175_01.txt
2118.png,2118.txt
2006.png,2006.txt
20201086_10.png,20201086_10.txt
21301116_05.jpg,21301116_05.txt
23241113_01.jpg,23241113_01.txt
20301114_15.jpg,20301114_15.txt
20301414_36.png,20301414_36.txt
20101285_02.png,20101285_02.txt
20301090_15.png,20301090_15.txt
20301228_65.png,20301228_65.txt
20301228_30.JPG,20301228_30.txt
20201115_30.png,20201115_30.txt
21301027_03.jpg,21301027_03.txt
20301228_59.png,20301228_59.txt
20301414_33.png,20301414_33.txt
20301414_04.png,20301414_04.txt
2238.png,2238.txt
22141027_28.png,22141027_28.txt
326.png,326.txt
ID_32.jpg,ID_32.txt
20101285_17.png,20101285_17.txt
22101857_11.png,22101857_11.txt
20121026_04.jpg,20121026_04.txt
4413.png,4413.txt
20201148_08.png,20201148_08.txt
20121026_22.jpg,20121026_22.txt
3056.png,3056.txt
835.png,835.txt
20301343_14.jpg,20301343_14.txt
24141199_51.png,24141199_51.txt
20301159_09.jpg,20301159_09.txt
20301090_10.png,20301090_10.txt
20201086_18.png,20201086_18.txt
21301027_01.jpg,21301027_01.txt
20301414_65.jpg,20301414_65.txt
21101282_31.jpg,21101282_31.txt
2328.png,2328.txt
23241108_28.jpg,23241108_28.txt
987.png,987.txt
724.png,724.txt
20121044_12.jpg,20121044_12.txt
1574.png,1574.txt
21301116_17.jpg,21301116_17.txt
2127.png,2127.txt
20201115_14.png,20201115_14.txt
19121070_24.jpg,19121070_24.txt
20321023_29.jpg,20321023_29.txt
22101861_05.jpg,22101861_05.txt
56.png,56.txt
20301003_08.png,20301003_08.txt
23341101_18.jpg,23341101_18.txt
20301266_08.jpg,20301266_08.txt
20301228_50.png,20301228_50.txt
2375.png,2375.txt
20301343_12.jpg,20301343_12.txt
21301027_13.jpg,21301027_13.txt
20201148_05.png,20201148_05.txt
1000.png,1000.txt
23241084_49.png,23241084_49.txt
20301294_17.jpg,20301294_17.txt
22141027_27.png,22141027_27.txt
2112.png,2112.txt
458.png,458.txt
20121051_16.png,20121051_16.txt
1965.png,1965.txt
2345.png,2345.txt
2023.png,2023.txt
1984.png,1984.txt
2151.png,2151.txt
1034.png,1034.txt
24141199_32.png,24141199_32.txt
21101135_28.JPG,21101135_28.txt
2929.png,2929.txt
20201115_19.png,20201115_19.txt
2053.png,2053.txt
2887.png,2887.txt
2344.png,2344.txt
20301294_30.jpg,20301294_30.txt
23241108_11.jpg,23241108_11.txt
2535.png,2535.txt
840.png,840.txt
3030.png,3030.txt
2866.png,2866.txt
22141027_21.png,22141027_21.txt
ID_11.jpg,ID_11.txt
1609.png,1609.txt
507.png,507.txt
2380.png,2380.txt
20301368_29.jpg,20301368_29.txt
754.png,754.txt
471.png,471.txt
3008.png,3008.txt
23241113_26.jpg,23241113_26.txt
